{
    "keep": {
        "days": true,
        "amount": 14
    },
    "auditLog": "C:\\Users\\Dell\\OneDrive\\Desktop\\Student Management app\\Backend\\logs\\.36a39f809aea9f9d9d9297809b26545322a04143-audit.json",
    "files": [
        {
            "date": 1757051075218,
            "name": "C:\\Users\\Dell\\OneDrive\\Desktop\\Student Management app\\Backend\\logs\\combined-2025-09-04.log",
            "hash": "4f8b5cb55da136f13911fc70d5749430639568b1af8e525d3de33528ead18760"
        },
        {
            "date": 1757059381509,
            "name": "C:\\Users\\Dell\\OneDrive\\Desktop\\Student Management app\\Backend\\logs\\combined-2025-09-05.log",
            "hash": "ffc78689ad834e05a654cb643891a6170b725b2b133faca1d0c2fb10599b6b21"
        },
        {
            "date": 1757142071200,
            "name": "C:\\Users\\Dell\\OneDrive\\Desktop\\Student Management app\\Backend\\logs\\combined-2025-09-06.log",
            "hash": "7ffc93533bf89c48e9d3d7dfffc7d649c3e5bed2ea477a9c1224c9d848edd8df"
        }
    ],
    "hashType": "sha256"
}